{"cameraMode":{"drawMode":0,"name":"Shaded","section":"Shading Mode"},"sceneLighting":true,"audioPlay":false,"sceneViewState":{"m_AlwaysRefresh":false,"showFog":true,"showSkybox":true,"showFlares":true,"showImageEffects":true,"showParticleSystems":true,"showVisualEffectGraphs":true,"m_FxEnabled":true},"in2DMode":false,"pivot":{"x":-0.07578349113464356,"y":2.1496105194091799,"z":-0.2885439395904541},"rotation":{"x":0.13402657210826875,"y":-0.3895036578178406,"z":0.05761532112956047,"w":0.9094669222831726},"size":4.509128570556641,"orthographic":false}